name,address
Dr. Anandom Hariharan MD,8.72 miles from 96760
Dr. Anandom Hariharan MD,8.72 miles from 96760
Dr. Anandom Hariharan MD,8.72 miles from 96760
Dr. Anandom Hariharan MD,8.72 miles from 96760
Dr. Anandom Hariharan MD,8.72 miles from 96760
Dr. Anandom Hariharan MD,8.72 miles from 96760
Dr. Anandom Hariharan MD,8.72 miles from 96760
Dr. Anandom Hariharan MD,N/A
Dr. Anandom Hariharan MD,N/A
Dr. Anandom Hariharan MD,N/A
Dr. Anandom Hariharan MD,N/A
Dr. Randall C. Blake MD,8.74 miles from 96760
Dr. Randall C. Blake MD,8.74 miles from 96760
Dr. Randall C. Blake MD,8.74 miles from 96760
Dr. Randall C. Blake MD,N/A
Dr. Randall C. Blake MD,N/A
Dr. Randall C. Blake MD,N/A
Dr. Randall C. Blake MD,N/A
Dr. Lyric L. Santiago MD,8.88 miles from 96760
Dr. Lyric L. Santiago MD,8.88 miles from 96760
Dr. Lyric L. Santiago MD,8.88 miles from 96760
Dr. Lyric L. Santiago MD,N/A
Dr. Lyric L. Santiago MD,N/A
Dr. Lyric L. Santiago MD,N/A
Dr. Lyric L. Santiago MD,N/A
Dr. Richard Stack MD,9.33 miles from 96760
Dr. Richard Stack MD,9.33 miles from 96760
Dr. Richard Stack MD,9.33 miles from 96760
Dr. Richard Stack MD,N/A
Dr. Richard Stack MD,N/A
Dr. Richard Stack MD,N/A
Dr. Richard Stack MD,N/A
Dr. Manas K. Ghosh MD,9.39 miles from 96760
Dr. Manas K. Ghosh MD,9.39 miles from 96760
Dr. Manas K. Ghosh MD,9.39 miles from 96760
Dr. Manas K. Ghosh MD,N/A
Dr. Manas K. Ghosh MD,N/A
Dr. Manas K. Ghosh MD,N/A
Dr. Manas K. Ghosh MD,N/A
Dr. Lyn M. Lam MD,49.34 miles from 96760
Dr. Lyn M. Lam MD,49.34 miles from 96760
Dr. Lyn M. Lam MD,49.34 miles from 96760
Dr. Lyn M. Lam MD,N/A
Dr. Lyn M. Lam MD,N/A
Dr. Lyn M. Lam MD,N/A
Dr. Lyn M. Lam MD,N/A
Dr. Jon K. Lattimer MD,56.43 miles from 96760
Dr. Jon K. Lattimer MD,56.43 miles from 96760
Dr. Jon K. Lattimer MD,56.43 miles from 96760
Dr. Jon K. Lattimer MD,N/A
Dr. Jon K. Lattimer MD,N/A
Dr. Jon K. Lattimer MD,N/A
Dr. Jon K. Lattimer MD,N/A
Dr. Robert W. Kindrachuk MD,117.23 miles from 96760
Dr. Robert W. Kindrachuk MD,117.23 miles from 96760
Dr. Robert W. Kindrachuk MD,117.23 miles from 96760
Dr. Robert W. Kindrachuk MD,N/A
Dr. Robert W. Kindrachuk MD,N/A
Dr. Robert W. Kindrachuk MD,N/A
Dr. Robert W. Kindrachuk MD,N/A
Dr. Todd H. Hoekstra MD,128.75 miles from 96760
Dr. Todd H. Hoekstra MD,128.75 miles from 96760
Dr. Todd H. Hoekstra MD,128.75 miles from 96760
Dr. Todd H. Hoekstra MD,N/A
Dr. Todd H. Hoekstra MD,N/A
Dr. Todd H. Hoekstra MD,N/A
Dr. Todd H. Hoekstra MD,N/A
Dr. Benjamin T. Shurtleff MD,128.77 miles from 96760
Dr. Benjamin T. Shurtleff MD,128.77 miles from 96760
Dr. Benjamin T. Shurtleff MD,128.77 miles from 96760
Dr. Benjamin T. Shurtleff MD,N/A
Dr. Benjamin T. Shurtleff MD,N/A
Dr. Benjamin T. Shurtleff MD,N/A
Dr. Benjamin T. Shurtleff MD,N/A
Dr. Alicia Roston MD,129.57 miles from 96760
Dr. Alicia Roston MD,129.57 miles from 96760
Dr. Alicia Roston MD,129.57 miles from 96760
Dr. Alicia Roston MD,N/A
Dr. Alicia Roston MD,N/A
Dr. Alicia Roston MD,N/A
Dr. Alicia Roston MD,N/A
Dr. Soren N. Carlsen MD,129.59 miles from 96760
Dr. Soren N. Carlsen MD,129.59 miles from 96760
Dr. Soren N. Carlsen MD,129.59 miles from 96760
Dr. Soren N. Carlsen MD,N/A
Dr. Soren N. Carlsen MD,N/A
Dr. Soren N. Carlsen MD,N/A
Dr. Soren N. Carlsen MD,N/A
Dr. Antonio K. Tan MD,210.55 miles from 96760
Dr. Antonio K. Tan MD,210.55 miles from 96760
Dr. Antonio K. Tan MD,210.55 miles from 96760
Dr. Antonio K. Tan MD,N/A
Dr. Antonio K. Tan MD,N/A
Dr. Antonio K. Tan MD,N/A
Dr. Antonio K. Tan MD,N/A
Dr. David S. Chou MD,213.30 miles from 96760
Dr. David S. Chou MD,213.30 miles from 96760
Dr. David S. Chou MD,213.30 miles from 96760
Dr. David S. Chou MD,N/A
Dr. David S. Chou MD,N/A
Dr. David S. Chou MD,N/A
Dr. David S. Chou MD,N/A
Dr. David A. Kuchenbecker MD,213.33 miles from 96760
Dr. David A. Kuchenbecker MD,213.33 miles from 96760
Dr. David A. Kuchenbecker MD,213.33 miles from 96760
Dr. David A. Kuchenbecker MD,N/A
Dr. David A. Kuchenbecker MD,N/A
Dr. David A. Kuchenbecker MD,N/A
Dr. David A. Kuchenbecker MD,N/A
Dr. James H. Stewart MD,213.63 miles from 96760
Dr. James H. Stewart MD,213.63 miles from 96760
Dr. James H. Stewart MD,213.63 miles from 96760
Dr. James H. Stewart MD,N/A
Dr. James H. Stewart MD,N/A
Dr. James H. Stewart MD,N/A
Dr. James H. Stewart MD,N/A
Dr. Kenneth R. Witmer MD,213.80 miles from 96760
Dr. Kenneth R. Witmer MD,213.80 miles from 96760
Dr. Kenneth R. Witmer MD,213.80 miles from 96760
Dr. Kenneth R. Witmer MD,N/A
Dr. Kenneth R. Witmer MD,N/A
Dr. Kenneth R. Witmer MD,N/A
Dr. Kenneth R. Witmer MD,N/A
Dr. Douglas W. Soderdahl MD,214.61 miles from 96760
Dr. Douglas W. Soderdahl MD,214.61 miles from 96760
Dr. Douglas W. Soderdahl MD,214.61 miles from 96760
Dr. Douglas W. Soderdahl MD,N/A
Dr. Douglas W. Soderdahl MD,N/A
Dr. Douglas W. Soderdahl MD,N/A
Dr. Douglas W. Soderdahl MD,N/A
Dr. Ronald S. Sutherland MD,214.90 miles from 96760
Dr. Ronald S. Sutherland MD,214.90 miles from 96760
Dr. Ronald S. Sutherland MD,214.90 miles from 96760
Dr. Ronald S. Sutherland MD,N/A
Dr. Ronald S. Sutherland MD,N/A
Dr. Ronald S. Sutherland MD,N/A
Dr. Ronald S. Sutherland MD,N/A
Dr. Lesli I. Nicolay MD,215.23 miles from 96760
Dr. Lesli I. Nicolay MD,215.23 miles from 96760
Dr. Lesli I. Nicolay MD,215.23 miles from 96760
Dr. Lesli I. Nicolay MD,N/A
Dr. Lesli I. Nicolay MD,N/A
Dr. Lesli I. Nicolay MD,N/A
Dr. Lesli I. Nicolay MD,N/A
Conditions treated by Urologists,N/A
Conditions treated by Urologists,N/A
